ticket_id,ticket_created_date,ticket_updated_date,assigned_agent,assigned_team,customer_name,customer_email,customer_type,region,product,issue_category,issue_description,priority,status,channel,sla_status,sla_breached,escalation_required,resolution_time_hours,customer_satisfaction,ai_sentiment,ai_urgency_score,ai_churn_risk,ai_confidence_score,revenue_risk,resolution_summary,next_best_action
TKT-0001,2026-03-19 13:11,2026-04-01 21:11,Sanjay Mehta,Refund Team,Yasmin Chopra,yasmin.chopra@globalfin.io,Mid-Market,Southeast Asia,Data Sync Engine,Data Sync Failure,"CRM sync stopped 36 hours ago; 2,400 contact records missing from last batch import.",Medium,Resolved,Phone,At Risk,False,False,47.5,4,Positive,51,Low,0.94,22738,Identified stale OAuth token; re-authorised connector and triggered manual full sync.,Escalate to Tier 2 engineering with full error trace
TKT-0002,2026-02-02 14:49,2026-02-15 22:49,Tanvi Joshi,Refund Team,Lena Banerjee,lena.banerjee@quantumleap.io,Mid-Market,APAC,Enterprise Hub,Subscription Problem,Seat count reduced during renewal despite no action taken; billing now incorrect.,Medium,Resolved,Web Form,Met,False,False,7.5,3,Neutral,31,Low,0.76,12147,Restored grandfathered pricing via billing override; customer informed of preservation.,Send personalised troubleshooting guide via email
TKT-0003,2026-04-29 06:54,2026-05-12 12:54,Sanjay Mehta,Refund Team,Nisha Shah,nisha.shah@meridiansoft.com,Education,ANZ,Billing Suite,Security Concern,Phishing email using company branding sent to customer base; brand abuse report filed.,Medium,In Progress,Partner Portal,At Risk,False,False,147.1,4,Positive,33,Low,0.77,5753,,Schedule 30-minute screen-share session with technical specialist
TKT-0004,2026-03-30 10:39,2026-04-08 10:39,Manish Tiwari,Refund Team,Devika Oliveira,devika.oliveira@axiomtech.co,Mid-Market,Europe,Data Sync Engine,Billing Dispute,Overage charge applied despite usage being within contracted soft limits.,High,Open,Email,At Risk,False,True,52.4,2,Negative,79,Medium,0.95,8549,,Initiate refund process and send confirmation within 1 hour
TKT-0005,2026-04-18 07:22,2026-04-22 08:22,Anjali Desai,Customer Success Team,Seema Malik,seema.malik@nexuscloud.net,Education,India,API Gateway,Integration Error,Stripe webhook events not reconciling with internal ledger; payment state mismatch.,Low,In Progress,Email,Met,False,False,95.0,1,Neutral,16,Medium,0.84,6028,,Apply service credit and notify account manager
TKT-0006,2026-04-28 06:59,2026-05-03 12:59,Tanvi Joshi,Refund Team,Akash Reddy,akash.reddy@stratosys.net,Government,North America,Enterprise Hub,Login Issue,Session token not invalidated on logout; users can re-access without re-authentication.,High,Resolved,Partner Portal,Breached,True,False,7.9,4,Positive,56,Low,0.77,34139,Cleared corrupted OAuth token store; customer re-authenticated successfully.,Trigger automated diagnostic script and share report with customer
TKT-0007,2026-04-05 09:27,2026-04-11 16:27,Kunal Chandra,Customer Success Team,Omar Martinez,omar.martinez@pacesetter.com,Mid-Market,Southeast Asia,Security Vault,Mobile App Crash,React Native bridge exception when switching between tabs rapidly on older devices.,Low,Pending Customer,In-App,Met,False,False,155.0,3,Positive,12,High,0.68,8364,,Route to billing specialist for invoice reconciliation
TKT-0008,2026-05-21 18:21,2026-05-23 01:21,Nikhil Gupta,Platform Team,Akash Fischer,akash.fischer@omegasuite.com,Education,Southeast Asia,Data Sync Engine,Feature Request,Request to support multiple currencies on a single account; currently single-currency only.,Medium,Resolved,Partner Portal,At Risk,False,False,16.2,1,Neutral,48,Medium,0.89,4332,Development team scoped bulk import feature; estimated delivery in Sprint 47.,Flag for CSM review: churn risk detected
TKT-0009,2025-12-05 08:18,2025-12-09 14:18,Kunal Chandra,Customer Success Team,Irfan Martin,irfan.martin@launchpad.net,Education,India,Analytics Dashboard,Subscription Problem,Grandfathered pricing overwritten during system migration; legacy rates not preserved.,High,In Progress,Chat,Met,False,False,110.3,3,Neutral,63,Medium,0.75,4751,,Deploy hotfix to staging for customer validation
TKT-0010,2026-04-03 14:46,2026-04-13 22:46,Riya Banerjee,Security Team,Vikram Jain,vikram.jain@flarepath.net,Startup,Southeast Asia,Customer Console,Login Issue,Biometric login on iOS 17.x failing after latest app update; fallback PIN works fine.,High,In Progress,Chat,Met,False,False,25.8,1,Negative,77,Low,0.65,1514,,Request additional diagnostics from customer via secure form
TKT-0011,2025-12-14 14:55,2025-12-22 15:55,Suresh Nair,Billing Team,Seema Banerjee,seema.banerjee@techcorp.com,Mid-Market,Middle East,Security Vault,Feature Request,"Need for granular IP allowlisting per user group, not just per organisation.",Low,Escalated,Web Form,Met,False,True,61.1,5,Neutral,24,Low,0.82,22987,,Assign to on-call security team for immediate assessment
TKT-0012,2026-02-17 07:39,2026-03-01 08:39,Aditya Singh,Technical Team,Pankaj Agarwal,pankaj.agarwal@elevatetech.io,Mid-Market,APAC,API Gateway,Subscription Problem,Cancel-and-resubscribe flow charged new customer rate; loyalty pricing not retained.,High,In Progress,Partner Portal,Breached,True,True,1.0,3,Neutral,56,Medium,0.87,4565,,Add to known-issues tracker and notify via status page
TKT-0013,2026-05-10 12:27,2026-05-12 20:27,Aditya Singh,Technical Team,Shreya Banerjee,shreya.banerjee@altaspay.com,Government,Southeast Asia,Mobile App,Subscription Problem,Enterprise agreement terms not mapped correctly; wrong feature set provisioned.,High,Open,In-App,Breached,True,False,149.9,3,Neutral,69,Medium,0.95,29299,,Escalate to product management with customer impact data
TKT-0014,2025-12-11 19:47,2025-12-17 23:47,Anita Verma,Billing Team,Nikhil Subramaniam,nikhil.subramaniam@meridiansoft.com,Government,Southeast Asia,Mobile App,API Error,Webhook signature verification failing after secret rotation; old secret still in use.,Urgent,Resolved,Web Form,At Risk,False,False,8.2,3,Negative,85,High,0.71,24614,Updated CORS policy to include approved third-party domains; integration restored.,Create internal incident ticket and link to customer case
TKT-0015,2026-02-28 19:21,2026-03-06 20:21,Sneha Patel,Technical Team,Ethan Balaji,ethan.balaji@meridiansoft.com,Mid-Market,Latin America,Security Vault,Mobile App Crash,Custom font rendering crash on system accessibility large-text setting enabled.,High,In Progress,Partner Portal,At Risk,False,False,91.2,2,Negative,71,High,0.82,4192,,Send proactive status update; no action required from customer
TKT-0016,2026-04-07 20:48,2026-04-08 23:48,Divya Reddy,Platform Team,Sneha Venkatesh,sneha.venkatesh@pacesetter.com,SMB,Europe,Billing Suite,Refund Request,Annual subscription cancelled mid-cycle; prorated refund not processed per agreed SLA.,Urgent,Pending Customer,Web Form,Met,False,False,122.0,2,Negative,97,Low,0.97,2576,,Offer extended trial to compensate for disruption
TKT-0017,2026-02-13 22:45,2026-02-19 04:45,Bhavya Shah,Refund Team,Priya Patel,priya.patel@gridworks.com,Education,Southeast Asia,Billing Suite,API Error,Webhook delivery failing with SSL certificate validation error; TLS 1.3 handshake timeout.,Medium,Open,Web Form,Met,False,False,27.7,1,Negative,54,Medium,0.65,3089,,Coordinate with third-party vendor for joint troubleshooting
TKT-0018,2026-04-17 21:22,2026-04-24 05:22,Farhan Hussain,Security Team,Komal Bhatia,komal.bhatia@betaops.io,Healthcare,India,Data Sync Engine,Feature Request,Requesting Salesforce native connector; current Zapier workaround has reliability issues.,Urgent,Closed,Email,Met,False,True,10.3,4,Positive,95,Low,0.86,40861,Salesforce native connector GA released; customer assisted with configuration.,Schedule executive sponsor call for enterprise account
TKT-0019,2026-01-02 22:37,2026-01-08 23:37,Sanjay Mehta,Refund Team,Divya Weber,divya.weber@blueprism.io,Healthcare,ANZ,Customer Console,Data Sync Failure,Data warehouse sync duplicating records on upsert; unique key constraint not applied.,Urgent,Open,Slack,Breached,True,False,194.0,1,Negative,88,High,0.92,42089,,Apply automated resolution via knowledge-base workflow
TKT-0020,2026-04-04 07:39,2026-04-06 10:39,Neha Saxena,Customer Success Team,Bhavesh Thompson,bhavesh.thompson@querytech.io,Enterprise,ANZ,Security Vault,API Error,Pagination cursor invalid after dataset update; breaks full data export workflows.,High,Pending Customer,Slack,Breached,True,False,174.6,3,Neutral,56,Low,0.77,47966,,Reassign to specialist team with relevant domain expertise
TKT-0021,2026-01-16 11:11,2026-01-18 17:11,Gaurav Kapoor,Security Team,Soumya Schmidt,soumya.schmidt@omegasuite.com,Startup,ANZ,API Gateway,Feature Request,Asking for audit trail export in CSV format; PDF-only export insufficient for compliance.,Urgent,Open,Web Form,Met,False,True,2.4,4,Positive,97,High,0.97,1989,,Escalate to Tier 2 engineering with full error trace
TKT-0022,2026-02-16 12:24,2026-03-02 19:24,Deepak Malhotra,Billing Team,Hina Joshi,hina.joshi@nexuscloud.net,Healthcare,Latin America,Analytics Dashboard,Mobile App Crash,React Native bridge exception when switching between tabs rapidly on older devices. Issue persists after clearing cache and cookies.,High,Escalated,Slack,Met,False,True,131.8,2,Negative,74,High,0.94,48937,,Send personalised troubleshooting guide via email
TKT-0023,2026-01-18 14:43,2026-01-31 16:43,Anjali Desai,Customer Success Team,Bharat Kapoor,bharat.kapoor@blueprism.io,Government,India,API Gateway,Account Suspension,Suspension during acquisition integration; merged entity requires account transfer not closure.,High,In Progress,Partner Portal,Met,False,False,18.5,2,Negative,61,High,0.77,46106,,Schedule 30-minute screen-share session with technical specialist
TKT-0024,2026-04-03 15:47,2026-04-17 20:47,Suresh Nair,Billing Team,Divya Kapoor,divya.kapoor@meridiansoft.com,Education,ANZ,Customer Console,Login Issue,IP allowlist not recognizing office network ranges after recent firewall change.,Low,Closed,Email,Met,False,False,69.9,5,Positive,22,Low,0.77,5706,Cleared corrupted OAuth token store; customer re-authenticated successfully.,Initiate refund process and send confirmation within 1 hour
TKT-0025,2026-05-22 13:30,2026-05-23 21:30,Divya Reddy,Platform Team,Tanvi Banerjee,tanvi.banerjee@gridworks.com,Mid-Market,ANZ,Security Vault,API Error,Authentication token scope insufficient for write operations despite correct permissions assigned.,High,Escalated,Slack,Met,False,True,23.8,1,Negative,58,High,0.69,11162,,Apply service credit and notify account manager
TKT-0026,2026-01-09 19:41,2026-01-12 02:41,Farhan Hussain,Security Team,Yasmin Raghavan,yasmin.raghavan@cloudnine.tech,Healthcare,Europe,Analytics Dashboard,Subscription Problem,Subscription end date shows incorrect date; likely DST timezone calculation error.,Low,In Progress,Slack,At Risk,False,False,20.3,4,Positive,13,Low,0.69,50330,,Trigger automated diagnostic script and share report with customer
TKT-0027,2026-05-13 06:03,2026-05-19 09:03,Rohan Das,Technical Team,Suresh Narayanan,suresh.narayanan@stratosys.net,Healthcare,North America,Billing Suite,API Error,API returning inconsistent timestamp formats (ISO 8601 vs Unix epoch) across endpoints.,Low,Resolved,Email,Met,False,False,29.0,2,Neutral,9,High,0.82,14597,Fixed NULL pointer in SDK response parser; hotfix released in SDK v2.4.1.,Route to billing specialist for invoice reconciliation
TKT-0028,2026-03-02 13:37,2026-03-08 13:37,Sneha Patel,Technical Team,Chitra Bose,chitra.bose@brightwave.io,SMB,Southeast Asia,Enterprise Hub,Payment Failure,Payment processor webhook not received; order stuck in pending state for 48+ hours.,Low,Pending Customer,Web Form,Met,False,False,72.7,3,Neutral,21,Low,0.86,773,,Flag for CSM review: churn risk detected
TKT-0029,2025-12-28 21:45,2026-01-05 22:45,Priya Sharma,Billing Team,Uma Anderson,uma.anderson@cloudnine.tech,Education,APAC,Enterprise Hub,Billing Dispute,Reseller margin not correctly deducted; end customer invoiced at list price.,Low,Open,Web Form,Met,False,False,76.5,3,Neutral,8,Medium,0.69,5556,,Deploy hotfix to staging for customer validation
TKT-0030,2026-01-28 19:21,2026-02-12 02:21,Bhavya Shah,Refund Team,Komal Bhatt,komal.bhatt@cloudnine.tech,Government,Latin America,Mobile App,Performance Degradation,File upload service degraded; large file uploads failing after 30-second timeout.,Low,Pending Customer,Web Form,Met,False,False,184.6,1,Negative,16,High,0.83,48048,,Request additional diagnostics from customer via secure form
TKT-0031,2026-03-01 19:55,2026-03-13 19:55,Divya Reddy,Platform Team,Bindu Balaji,bindu.balaji@nexgen.tech,Healthcare,North America,Security Vault,Subscription Problem,Upgrade from Pro to Enterprise plan not reflected in feature access after 24 hours.,Medium,Escalated,Slack,Met,False,True,22.1,4,Positive,32,High,0.96,39194,,Assign to on-call security team for immediate assessment
TKT-0032,2026-02-07 06:11,2026-02-12 10:11,Meera Krishnan,Platform Team,Yasmin Fischer,yasmin.fischer@helixdata.co,Startup,Europe,Web Portal,Payment Failure,Transaction timed out during invoice payment; amount debited but payment not confirmed in system.,Low,Open,Chat,Met,False,False,194.4,1,Negative,15,Medium,0.75,2375,,Add to known-issues tracker and notify via status page
TKT-0033,2026-01-10 07:43,2026-01-12 11:43,Bhavya Shah,Refund Team,Elias Chandra,elias.chandra@enterpriseplus.com,Government,APAC,API Gateway,Feature Request,Requesting Salesforce native connector; current Zapier workaround has reliability issues. Issue persists after clearing cache and cookies.,High,Pending Customer,Chat,Breached,True,False,69.4,1,Negative,70,Low,0.78,7465,,Escalate to product management with customer impact data
TKT-0034,2026-01-05 14:18,2026-01-11 15:18,Suresh Nair,Billing Team,Omar Verma,omar.verma@orbitaltech.com,Government,ANZ,Enterprise Hub,Performance Degradation,Search indexing falling behind by 6+ hours; search results showing stale data.,Medium,Open,Phone,Met,False,False,133.8,3,Neutral,25,High,0.93,24317,,Create internal incident ticket and link to customer case
TKT-0035,2025-12-30 18:01,2026-01-05 20:01,Farhan Hussain,Security Team,Varun Bose,varun.bose@brightwave.io,Government,Latin America,Customer Console,Onboarding Issue,Bulk user import template has undocumented required fields causing repeated failures.,High,In Progress,Slack,Met,False,False,80.4,1,Neutral,62,Low,0.85,27947,,Send proactive status update; no action required from customer
TKT-0036,2026-05-15 10:15,2026-05-17 12:15,Nikhil Gupta,Platform Team,Nikhil Mueller,nikhil.mueller@orbitaltech.com,Startup,Latin America,Billing Suite,Refund Request,Refund approved 12 days ago but not reflected in customer statement; status unclear.,High,Resolved,Web Form,Met,False,False,12.4,5,Positive,76,Medium,0.97,2619,Applied account credit pending cash refund approval; customer satisfied with interim resolution.,Offer extended trial to compensate for disruption
TKT-0037,2025-12-18 21:28,2025-12-30 01:28,Divya Reddy,Platform Team,Nikhil Martin,nikhil.martin@innobase.net,Healthcare,North America,Data Sync Engine,Payment Failure,Subscription auto-renewal failed silently; account downgraded without notification to customer.,Medium,Open,Partner Portal,Met,False,False,57.8,3,Positive,44,Low,0.84,45640,,Coordinate with third-party vendor for joint troubleshooting
TKT-0038,2026-04-26 12:20,2026-05-06 19:20,Gaurav Kapoor,Security Team,Usha Taylor,usha.taylor@gridworks.com,Startup,Latin America,Security Vault,Payment Failure,3D Secure verification loop preventing checkout completion across all supported browsers.,Medium,Resolved,Email,At Risk,False,False,32.4,1,Negative,41,Medium,0.77,1284,Coordinated with payment processor to retry failed batch; issued transaction confirmation to customer.,Schedule executive sponsor call for enterprise account
TKT-0039,2026-05-11 16:04,2026-05-17 17:04,Farhan Hussain,Security Team,Kavya Thakur,kavya.thakur@vortexdata.net,SMB,ANZ,Customer Console,Subscription Problem,Grandfathered pricing overwritten during system migration; legacy rates not preserved. Issue persists after clearing cache and cookies.,Medium,Closed,Partner Portal,Met,False,False,7.6,4,Positive,47,Low,0.88,1893,Corrected seat count discrepancy; issued credit note for overbilled amount.,Apply automated resolution via knowledge-base workflow
TKT-0040,2026-01-02 22:05,2026-01-14 04:05,Riya Banerjee,Security Team,Pooja Fischer,pooja.fischer@launchpad.net,SMB,India,Security Vault,Payment Failure,Bank decline code 51 returned for sufficient balance cards; suspected fraud filter misconfiguration.,Medium,In Progress,Web Form,At Risk,False,False,45.7,1,Negative,49,High,0.93,3478,,Reassign to specialist team with relevant domain expertise
TKT-0041,2026-01-09 11:11,2026-01-23 13:11,Vishal Pandey,Customer Success Team,Priya Schneider,priya.schneider@elevatetech.io,Mid-Market,Middle East,Enterprise Hub,Payment Failure,Recurring billing job skipped 3 accounts during nightly batch run; manual re-trigger needed.,Medium,Resolved,In-App,Met,False,False,36.9,4,Positive,53,Low,0.95,13156,Escalated to payments engineering; gateway timeout resolved by increasing transaction TTL to 45s.,Escalate to Tier 2 engineering with full error trace
TKT-0042,2026-04-15 19:10,2026-04-29 22:10,Gaurav Kapoor,Security Team,Radha Sheikh,radha.sheikh@alphapay.com,Enterprise,Latin America,Web Portal,Onboarding Issue,Welcome email not delivered; likely in spam quarantine for corporate domains.,Medium,Escalated,Web Form,Met,False,True,169.3,4,Positive,39,Low,0.79,125254,,Send personalised troubleshooting guide via email
TKT-0043,2025-12-14 18:32,2025-12-20 21:32,Sanjay Mehta,Refund Team,Hemant Gonzalez,hemant.gonzalez@axiomtech.co,Government,Europe,Web Portal,Security Concern,Audit log tampering detected; log integrity check failed for 48-hour window.,Medium,In Progress,Phone,Breached,True,False,67.4,1,Negative,51,High,0.8,5236,,Schedule 30-minute screen-share session with technical specialist
TKT-0044,2026-01-25 10:35,2026-02-06 18:35,Sanjay Mehta,Refund Team,Nandini Nair,nandini.nair@pinnaclecrm.io,Education,ANZ,Web Portal,Integration Error,QuickBooks integration failing to sync invoices; field mapping broken after QB update.,Medium,In Progress,In-App,Breached,True,False,158.9,3,Negative,42,Medium,0.83,2005,,Initiate refund process and send confirmation within 1 hour
TKT-0045,2026-03-01 13:36,2026-03-08 15:36,Anjali Desai,Customer Success Team,Kiran Thompson,kiran.thompson@cloudnine.tech,Enterprise,Europe,Security Vault,Data Sync Failure,Delta sync window misconfigured; processing same 48-hour window repeatedly.,Urgent,Open,Slack,Met,False,False,111.1,3,Neutral,92,Low,0.67,113947,,Apply service credit and notify account manager
TKT-0046,2026-02-24 10:02,2026-03-02 18:02,Nikhil Gupta,Platform Team,Urmila Malik,urmila.malik@pacesetter.com,Startup,Southeast Asia,API Gateway,Onboarding Issue,Initial data migration script timed out; partial data loaded without error notification.,High,Pending Customer,Email,Met,False,False,13.1,4,Positive,61,High,0.75,1643,,Trigger automated diagnostic script and share report with customer
TKT-0047,2026-05-15 12:18,2026-05-21 12:18,Neha Saxena,Customer Success Team,Chandan Murthy,chandan.murthy@betaops.io,Mid-Market,India,Payment Gateway,Subscription Problem,Seat count reduced during renewal despite no action taken; billing now incorrect. Issue persists after clearing cache and cookies.,Low,In Progress,Phone,Met,False,False,77.6,5,Positive,21,Low,0.68,4736,,Route to billing specialist for invoice reconciliation
TKT-0048,2026-02-21 09:05,2026-02-27 13:05,Arjun Bhatt,Platform Team,Tilak Zaidi,tilak.zaidi@kineticsoft.io,Education,North America,Billing Suite,Billing Dispute,Enterprise discount of 22% not applied for third consecutive invoice cycle.,High,In Progress,Partner Portal,Met,False,False,182.4,3,Neutral,57,Low,0.91,2119,,Flag for CSM review: churn risk detected
TKT-0049,2026-05-05 20:02,2026-05-08 21:02,Sneha Patel,Technical Team,Pradeep Weber,pradeep.weber@techcorp.com,SMB,India,Data Sync Engine,Security Concern,Unusual bulk data export at 3 AM by service account; possible credential compromise.,Medium,Escalated,In-App,Met,False,True,74.7,4,Positive,37,Medium,0.73,616,,Deploy hotfix to staging for customer validation
TKT-0050,2026-03-10 09:16,2026-03-23 13:16,Vishal Pandey,Customer Success Team,Elias Chopra,elias.chopra@launchpad.net,Government,Middle East,Billing Suite,API Error,Pagination cursor invalid after dataset update; breaks full data export workflows. Issue persists after clearing cache and cookies.,Urgent,In Progress,Slack,Met,False,True,170.6,3,Positive,94,Medium,0.88,29397,,Request additional diagnostics from customer via secure form
TKT-0051,2026-05-13 11:50,2026-05-19 19:50,Rahul Kumar,Technical Team,Nandini Bose,nandini.bose@spectrasys.io,Government,ANZ,Security Vault,API Error,CORS policy blocking legitimate cross-origin requests from approved third-party app.,High,In Progress,Email,Met,False,False,93.7,5,Neutral,57,High,0.88,23485,,Assign to on-call security team for immediate assessment
TKT-0052,2026-01-02 16:41,2026-01-04 23:41,Manish Tiwari,Refund Team,Harini Ghosh,harini.ghosh@elevatetech.io,Education,Middle East,Mobile App,Security Concern,Brute force attempt on admin portal; 200+ failed logins from single IP in 5 minutes.,Low,Resolved,Phone,Met,False,False,16.3,4,Positive,14,Low,0.75,2578,Enabled encryption-at-rest on misconfigured bucket; compliance team notified.,Add to known-issues tracker and notify via status page
TKT-0053,2026-01-20 14:08,2026-01-31 18:08,Sahil Ansari,Security Team,Kunal Mirza,kunal.mirza@techcorp.com,Healthcare,APAC,Security Vault,Login Issue,OAuth2 refresh token silently invalidated causing mid-session logouts in mobile app.,Medium,In Progress,Web Form,Met,False,False,144.3,3,Positive,51,Low,0.95,36722,,Escalate to product management with customer impact data
TKT-0054,2026-05-08 06:31,2026-05-19 14:31,Meera Krishnan,Platform Team,Jyoti Thakur,jyoti.thakur@jsonify.com,Healthcare,ANZ,Billing Suite,Feature Request,Asking for SCIM 2.0 provisioning support for automated user lifecycle management.,Medium,Resolved,Partner Portal,Met,False,False,11.0,4,Positive,29,High,0.75,23995,Salesforce native connector GA released; customer assisted with configuration.,Create internal incident ticket and link to customer case
TKT-0055,2026-03-05 22:35,2026-03-08 03:35,Vikram Iyer,Technical Team,Pankaj Saxena,pankaj.saxena@jsonify.com,Enterprise,Southeast Asia,Data Sync Engine,Login Issue,Biometric login on iOS 17.x failing after latest app update; fallback PIN works fine. Issue persists after clearing cache and cookies.,Medium,In Progress,Phone,Breached,True,False,77.1,3,Negative,54,Medium,0.71,82265,,Send proactive status update; no action required from customer
TKT-0056,2026-04-07 06:05,2026-04-14 14:05,Tanvi Joshi,Refund Team,Gaurav Thompson,gaurav.thompson@dataforge.net,Startup,North America,Security Vault,API Error,Response payload missing required fields intermittently; impacts downstream ETL pipeline.,High,Open,In-App,Met,False,False,134.7,2,Negative,68,High,0.89,326,,Offer extended trial to compensate for disruption
TKT-0057,2026-01-19 17:35,2026-01-24 18:35,Manish Tiwari,Refund Team,Chetna Anderson,chetna.anderson@jsonify.com,Government,North America,Billing Suite,Feature Request,Requesting WhatsApp Business integration for customer communication channel.,High,In Progress,Slack,Met,False,True,195.0,3,Neutral,72,Low,0.81,6811,,Coordinate with third-party vendor for joint troubleshooting
TKT-0058,2026-02-24 21:33,2026-03-04 23:33,Sahil Ansari,Security Team,Uma Pandey,uma.pandey@altaspay.com,Startup,Europe,Enterprise Hub,Refund Request,Account closed but monthly charge still applied; requesting refund for post-closure billing.,Medium,Escalated,In-App,At Risk,False,True,60.2,2,Negative,47,Medium,0.91,1127,,Schedule executive sponsor call for enterprise account
TKT-0059,2026-02-17 06:38,2026-02-25 10:38,Zara Ahmed,Customer Success Team,Suresh Agarwal,suresh.agarwal@launchpad.net,Mid-Market,APAC,Enterprise Hub,Billing Dispute,Reseller margin not correctly deducted; end customer invoiced at list price. Issue persists after clearing cache and cookies.,Medium,Open,In-App,Met,False,False,155.0,3,Positive,43,Low,0.79,6331,,Apply automated resolution via knowledge-base workflow
TKT-0060,2026-05-06 21:55,2026-05-20 21:55,Kunal Chandra,Customer Success Team,Sunil Carvalho,sunil.carvalho@techcorp.com,Enterprise,Middle East,Analytics Dashboard,Data Sync Failure,Delta sync window misconfigured; processing same 48-hour window repeatedly. Issue persists after clearing cache and cookies.,Medium,In Progress,Phone,Met,False,False,35.0,5,Positive,49,Medium,0.71,52665,,Reassign to specialist team with relevant domain expertise
TKT-0061,2026-02-12 12:44,2026-02-24 19:44,Arjun Bhatt,Platform Team,Tilak Chandra,tilak.chandra@innobase.net,Education,Southeast Asia,API Gateway,Security Concern,Suspicious login attempt from unrecognised IP in Eastern Europe; account not compromised yet.,High,Closed,Slack,Met,False,False,13.5,5,Positive,79,Low,0.74,1553,Forced password reset and MFA re-enrollment on affected accounts; no data exfiltration detected.,Escalate to Tier 2 engineering with full error trace
TKT-0062,2026-04-02 12:12,2026-04-16 20:12,Divya Reddy,Platform Team,Aditya Chopra,aditya.chopra@alphapay.com,SMB,India,Enterprise Hub,Performance Degradation,API response times degraded 3x in APAC region; EU and NA performing normally.,Medium,Open,Slack,Met,False,True,181.1,2,Negative,35,Low,0.9,4840,,Send personalised troubleshooting guide via email
TKT-0063,2026-04-01 21:41,2026-04-06 01:41,Meera Krishnan,Platform Team,Bhavesh Roy,bhavesh.roy@quantumleap.io,Mid-Market,Middle East,Web Portal,Account Suspension,Suspension during acquisition integration; merged entity requires account transfer not closure. Issue persists after clearing cache and cookies.,Low,Resolved,Email,Met,False,False,62.4,1,Neutral,6,High,0.78,7098,Coordinated with trust and safety team; suspension lifted pending formal investigation.,Schedule 30-minute screen-share session with technical specialist
TKT-0064,2026-02-15 09:59,2026-02-21 13:59,Manish Tiwari,Refund Team,Bhavya Trivedi,bhavya.trivedi@nimbusops.io,Government,APAC,Billing Suite,Data Sync Failure,Data warehouse sync duplicating records on upsert; unique key constraint not applied. Issue persists after clearing cache and cookies.,Medium,Closed,In-App,Met,False,False,9.0,3,Neutral,30,Medium,0.9,35348,Increased API gateway timeout to 300s for large export jobs; export completed successfully.,Initiate refund process and send confirmation within 1 hour
TKT-0065,2026-05-13 18:52,2026-05-21 02:52,Priya Singh,Platform Team,Divya Iyer,divya.iyer@innobase.net,Education,APAC,Web Portal,Mobile App Crash,Background sync process causing ANR on low-memory Android devices under load.,High,In Progress,Slack,Breached,True,False,50.0,2,Negative,65,High,0.65,3516,,Apply service credit and notify account manager
TKT-0066,2025-12-31 20:19,2026-01-04 02:19,Zara Ahmed,Customer Success Team,Yash Joshi,yash.joshi@launchpad.net,Mid-Market,APAC,Analytics Dashboard,Performance Degradation,Memory leak in worker process causing gradual slowdown; restart every 6 hours needed.,High,Resolved,Slack,At Risk,False,False,6.1,5,Positive,78,Low,0.83,19661,Database statistics updated; query execution time reduced from 45min to 7min.,Trigger automated diagnostic script and share report with customer
TKT-0067,2026-05-02 08:33,2026-05-10 16:33,Neha Saxena,Customer Success Team,Renu Desai,renu.desai@vortexdata.net,Government,North America,Data Sync Engine,Login Issue,Login page returning HTTP 502 intermittently during peak hours across EU region.,Urgent,Open,Chat,At Risk,False,True,107.6,2,Neutral,94,High,0.81,25046,,Route to billing specialist for invoice reconciliation
TKT-0068,2026-04-11 19:29,2026-04-21 19:29,Farhan Hussain,Security Team,Bharat Hashmi,bharat.hashmi@metricflow.com,Startup,India,Enterprise Hub,Account Suspension,Shared IP flagged for spam causing suspension of multiple unrelated accounts.,High,Resolved,Phone,At Risk,False,False,14.3,1,Negative,72,High,0.8,1344,Manually reviewed compliance flag; cleared as false positive after document review.,Flag for CSM review: churn risk detected
TKT-0069,2026-03-08 20:55,2026-03-16 02:55,Kavita Rao,Billing Team,Lakshmi Thakur,lakshmi.thakur@kineticsoft.io,Mid-Market,APAC,Analytics Dashboard,Refund Request,Refund request for unused API credits after account downgrade; credit not applied.,High,In Progress,Web Form,Breached,True,False,106.0,4,Positive,79,Low,0.88,14702,,Deploy hotfix to staging for customer validation
TKT-0070,2026-02-27 10:17,2026-03-03 11:17,Suresh Nair,Billing Team,Uma Malik,uma.malik@stratosys.net,Enterprise,North America,Billing Suite,Billing Dispute,Early termination fee charged despite contract having mutual termination clause.,High,Closed,In-App,Breached,True,False,3.3,1,Negative,62,Medium,0.72,116842,Corrected professional services billing rate; credit memo issued for rate difference.,Request additional diagnostics from customer via secure form
TKT-0071,2026-02-13 13:52,2026-02-25 18:52,Sahil Ansari,Security Team,Lalit Pandey,lalit.pandey@dataforge.net,Mid-Market,Latin America,Enterprise Hub,Integration Error,Zapier webhook integration not triggering on record updates; only fires on creation.,High,In Progress,Partner Portal,Met,False,False,44.6,2,Negative,78,High,0.79,4031,,Assign to on-call security team for immediate assessment
TKT-0072,2026-04-14 16:44,2026-04-21 22:44,Sneha Patel,Technical Team,Varun White,varun.white@alphapay.com,Enterprise,Europe,Data Sync Engine,Mobile App Crash,GPS location request causing crash on Android 13 devices with restricted location.,Low,Pending Customer,Partner Portal,Met,False,False,29.3,3,Negative,21,Low,0.73,59585,,Add to known-issues tracker and notify via status page
TKT-0073,2026-03-05 08:34,2026-03-17 11:34,Priya Sharma,Billing Team,Zara Fernandez,zara.fernandez@flarepath.net,Education,Southeast Asia,Analytics Dashboard,Mobile App Crash,Crash on keyboard dismiss gesture conflict with swipe-back navigation in modal.,High,Escalated,Slack,Met,False,True,145.0,3,Neutral,64,Low,0.71,1821,,Escalate to product management with customer impact data
TKT-0074,2026-05-04 12:25,2026-05-08 20:25,Meera Krishnan,Platform Team,Ishan Bhatt,ishan.bhatt@helixdata.co,Enterprise,North America,API Gateway,Mobile App Crash,Memory leak in image cache causing gradual slowdown followed by crash after 10+ min.,Medium,Escalated,In-App,Met,False,True,93.5,4,Positive,36,Low,0.83,115069,,Create internal incident ticket and link to customer case
TKT-0075,2026-04-29 19:18,2026-05-02 22:18,Nikhil Gupta,Platform Team,Chandan Subramaniam,chandan.subramaniam@globalfin.io,Mid-Market,North America,Payment Gateway,Mobile App Crash,Custom font rendering crash on system accessibility large-text setting enabled. Issue persists after clearing cache and cookies.,High,In Progress,Email,At Risk,False,False,152.8,3,Neutral,69,Low,0.88,7049,,Send proactive status update; no action required from customer
TKT-0076,2025-12-20 07:48,2025-12-21 13:48,Aditya Singh,Technical Team,Seema Weber,seema.weber@helixdata.co,Government,Middle East,Web Portal,Login Issue,SSO authentication failing for Azure AD-connected accounts after recent certificate rotation.,High,Open,In-App,Met,False,False,133.5,3,Neutral,55,Medium,0.65,37498,,Offer extended trial to compensate for disruption
TKT-0077,2026-05-22 19:51,2026-05-23 20:51,Kavita Rao,Billing Team,Seema Jain,seema.jain@techcorp.com,Education,North America,Mobile App,Refund Request,Accidental duplicate purchase; customer requests full refund for second transaction.,Medium,Escalated,Web Form,Met,False,True,16.3,5,Positive,32,Medium,0.92,7941,,Coordinate with third-party vendor for joint troubleshooting
TKT-0078,2026-03-08 18:35,2026-03-16 18:35,Anjali Desai,Customer Success Team,Deepak Thompson,deepak.thompson@enterpriseplus.com,SMB,Middle East,Payment Gateway,Performance Degradation,Database query plan regression after statistics update; full table scans on indexed columns.,Low,Pending Customer,In-App,Met,False,False,171.7,1,Negative,23,Medium,0.66,3579,,Schedule executive sponsor call for enterprise account
TKT-0079,2026-05-18 07:11,2026-05-21 07:11,Rohan Das,Technical Team,Omar Joshi,omar.joshi@nexuscloud.net,SMB,Latin America,Web Portal,Refund Request,Product feature advertised not yet available; customer requesting refund under misrepresentation.,High,Resolved,Email,Met,False,True,6.5,5,Positive,65,Medium,0.87,2753,Approved prorated refund per contract SLA; processed to original payment method within 5 business days.,Apply automated resolution via knowledge-base workflow
TKT-0080,2026-03-22 13:53,2026-03-24 18:53,Sahil Ansari,Security Team,Sara Kumar,sara.kumar@jsonify.com,Government,APAC,Mobile App,Billing Dispute,Professional services hours billed at incorrect rate; $180/hr instead of agreed $145/hr.,Medium,Resolved,Email,Breached,True,False,47.7,4,Positive,30,Medium,0.68,18292,Confirmed tax exemption certificate on file; re-issued invoice with VAT removed.,Reassign to specialist team with relevant domain expertise
TKT-0081,2026-02-07 10:24,2026-02-19 12:24,Vishal Pandey,Customer Success Team,Pallavi Banerjee,pallavi.banerjee@innobase.net,Government,Latin America,Enterprise Hub,Security Concern,Customer reports receiving another user's data in API response; possible data leak.,Medium,Open,Email,Met,False,False,20.9,1,Negative,41,Low,0.68,9187,,Escalate to Tier 2 engineering with full error trace
TKT-0082,2026-02-13 19:24,2026-02-26 20:24,Zara Ahmed,Customer Success Team,Nikhil Oliveira,nikhil.oliveira@vortexdata.net,Education,APAC,Data Sync Engine,API Error,Batch API endpoint returning 500 for requests over 500 records; no documented size limit.,High,In Progress,Email,Met,False,False,98.9,1,Negative,64,Medium,0.95,5375,,Send personalised troubleshooting guide via email
TKT-0083,2026-01-04 15:00,2026-01-11 20:00,Farhan Hussain,Security Team,Jyoti Schmidt,jyoti.schmidt@nimbusops.io,Startup,Southeast Asia,Security Vault,Integration Error,Slack notification integration stopped working after workspace admin changed OAuth app.,Urgent,Pending Customer,Partner Portal,Breached,True,False,130.4,3,Neutral,99,Low,0.96,1016,,Schedule 30-minute screen-share session with technical specialist
TKT-0084,2026-02-01 16:24,2026-02-06 22:24,Priya Singh,Platform Team,Chirag Bhatt,chirag.bhatt@hubstream.io,Startup,India,Enterprise Hub,Billing Dispute,Line item descriptions on invoice do not match services rendered; audit concern.,Low,Closed,Partner Portal,Met,False,True,54.5,5,Positive,18,Medium,0.69,877,Downtime credits applied to next invoice; customer acknowledged resolution.,Initiate refund process and send confirmation within 1 hour
TKT-0085,2026-03-07 08:28,2026-03-17 15:28,Farhan Hussain,Security Team,Wasim Ansari,wasim.ansari@omegasuite.com,Education,ANZ,Customer Console,Data Sync Failure,Date field timezone mismatch between systems causing records to be 1-day off.,Medium,Closed,Partner Portal,Met,False,False,19.8,5,Positive,49,Medium,0.76,5288,Identified stale OAuth token; re-authorised connector and triggered manual full sync.,Apply service credit and notify account manager
TKT-0086,2026-03-21 09:00,2026-03-23 13:00,Rohan Das,Technical Team,Farhan Gupta,farhan.gupta@elevatetech.io,SMB,India,Customer Console,Performance Degradation,Memory leak in worker process causing gradual slowdown; restart every 6 hours needed. Issue persists after clearing cache and cookies.,Medium,Escalated,Phone,Met,False,True,154.6,3,Neutral,40,Low,0.94,1022,,Trigger automated diagnostic script and share report with customer
TKT-0087,2026-02-26 20:50,2026-03-03 04:50,Kiran Verma,Refund Team,Sneha Malik,sneha.malik@dynamicedge.com,Government,India,Customer Console,Feature Request,Requesting WhatsApp Business integration for customer communication channel. Issue persists after clearing cache and cookies.,Low,Resolved,In-App,Met,False,False,53.5,1,Negative,10,High,0.89,12850,Workaround documented using existing export/import workflow; feature request logged.,Route to billing specialist for invoice reconciliation
TKT-0088,2026-03-20 20:14,2026-04-03 02:14,Kunal Chandra,Customer Success Team,Bindu Nair,bindu.nair@meridiansoft.com,Government,Latin America,Analytics Dashboard,Refund Request,Account closed but monthly charge still applied; requesting refund for post-closure billing. Issue persists after clearing cache and cookies.,High,Pending Customer,Web Form,Breached,True,False,39.9,3,Neutral,61,Medium,0.91,13413,,Flag for CSM review: churn risk detected
TKT-0089,2025-12-30 14:42,2026-01-13 21:42,Riya Banerjee,Security Team,Bhavya Sheikh,bhavya.sheikh@spectrasys.io,Enterprise,India,Customer Console,Billing Dispute,Reseller margin not correctly deducted; end customer invoiced at list price. Third occurrence this month for this account.,Medium,In Progress,Slack,Breached,True,False,91.8,2,Negative,43,High,0.75,56226,,Deploy hotfix to staging for customer validation
TKT-0090,2026-01-06 22:24,2026-01-14 00:24,Farhan Hussain,Security Team,Venkat Mishra,venkat.mishra@quantumleap.io,Mid-Market,ANZ,Payment Gateway,Mobile App Crash,Custom font rendering crash on system accessibility large-text setting enabled. Third occurrence this month for this account.,Low,Escalated,In-App,Met,False,True,111.2,3,Negative,6,High,0.95,6003,,Request additional diagnostics from customer via secure form
TKT-0091,2026-05-17 21:26,2026-05-24 04:26,Bhavya Shah,Refund Team,Meera Tiwari,meera.tiwari@launchpad.net,SMB,Latin America,Payment Gateway,Feature Request,Request to add bulk CSV import for contact records; current manual entry is time-consuming.,Low,Escalated,Partner Portal,Met,False,True,45.4,2,Negative,20,High,0.69,1705,,Assign to on-call security team for immediate assessment
TKT-0092,2025-12-11 20:34,2025-12-16 02:34,Deepak Malhotra,Billing Team,Zoya Shah,zoya.shah@elevatetech.io,Government,India,Security Vault,Subscription Problem,Seat count reduced during renewal despite no action taken; billing now incorrect. Third occurrence this month for this account.,Urgent,Open,Chat,Breached,True,False,17.9,4,Neutral,87,Medium,0.93,33474,,Add to known-issues tracker and notify via status page
TKT-0093,2026-01-22 12:51,2026-01-23 17:51,Riya Banerjee,Security Team,Maya Banerjee,maya.banerjee@gridworks.com,Healthcare,India,Analytics Dashboard,Billing Dispute,Enterprise discount of 22% not applied for third consecutive invoice cycle. Issue persists after clearing cache and cookies.,Medium,In Progress,Chat,Met,False,False,171.7,5,Positive,49,High,0.97,41074,,Escalate to product management with customer impact data
TKT-0094,2026-02-21 13:48,2026-03-07 19:48,Tanvi Joshi,Refund Team,Pooja Kumar,pooja.kumar@flarepath.net,Healthcare,Southeast Asia,Customer Console,Billing Dispute,Overage charge applied despite usage being within contracted soft limits. Issue persists after clearing cache and cookies.,High,Escalated,Partner Portal,Met,False,True,153.9,3,Neutral,69,Medium,0.93,45299,,Create internal incident ticket and link to customer case
TKT-0095,2025-12-17 18:13,2025-12-24 21:13,Kiran Verma,Refund Team,Wasim Weber,wasim.weber@meridiansoft.com,Enterprise,North America,Enterprise Hub,Security Concern,SOC 2 audit gap identified: audit logs not retained beyond 30 days for PCI-scope systems.,High,In Progress,Chat,Met,False,False,69.1,4,Neutral,75,Low,0.95,74573,,Send proactive status update; no action required from customer
TKT-0096,2026-01-03 15:10,2026-01-17 19:10,Priya Sharma,Billing Team,Ayesha Martin,ayesha.martin@launchpad.net,Government,Southeast Asia,Web Portal,Subscription Problem,Annual plan reverted to monthly without notice; subscription tier change not authorized.,Low,Resolved,Email,Met,False,False,54.5,5,Positive,5,Low,0.67,15178,Fixed pause feature bug; account successfully paused without downgrade applied.,Offer extended trial to compensate for disruption
TKT-0097,2026-02-26 09:55,2026-03-05 11:55,Sanjay Mehta,Refund Team,Chetna Mehta,chetna.mehta@axiomtech.co,Government,Southeast Asia,Customer Console,API Error,Batch API endpoint returning 500 for requests over 500 records; no documented size limit. Issue persists after clearing cache and cookies.,Medium,Resolved,Slack,Breached,True,False,42.8,2,Negative,46,Low,0.83,34250,Identified incorrect rate limit bucket assignment; reprovisioned API key to correct tier.,Coordinate with third-party vendor for joint troubleshooting
TKT-0098,2026-01-24 10:58,2026-01-31 17:58,Rahul Kumar,Technical Team,Nandini Trivedi,nandini.trivedi@cloudnine.tech,Education,Middle East,Analytics Dashboard,Login Issue,OAuth2 refresh token silently invalidated causing mid-session logouts in mobile app. Issue persists after clearing cache and cookies.,Low,Open,In-App,Met,False,False,158.3,2,Negative,24,High,0.74,1187,,Schedule executive sponsor call for enterprise account
TKT-0099,2026-05-05 22:12,2026-05-18 04:12,Priya Singh,Platform Team,Vijay Rivera,vijay.rivera@hubstream.io,Startup,India,Data Sync Engine,Integration Error,PagerDuty escalation integration routing to wrong schedule after policy update.,Urgent,Closed,Partner Portal,Met,False,False,7.3,4,Positive,91,High,0.83,1729,Updated field mapping to match new QB schema; invoice sync validated end-to-end.,Apply automated resolution via knowledge-base workflow
TKT-0100,2025-12-19 06:37,2025-12-21 06:37,Nikhil Gupta,Platform Team,Nikhil Sheikh,nikhil.sheikh@enterpriseplus.com,SMB,APAC,Billing Suite,Payment Failure,Bank decline code 51 returned for sufficient balance cards; suspected fraud filter misconfiguration. Issue persists after clearing cache and cookies.,Urgent,Closed,In-App,Breached,True,True,8.7,3,Neutral,92,Medium,0.7,1894,Identified duplicate charge from webhook replay; initiated refund and added idempotency key fix.,Reassign to specialist team with relevant domain expertise
TKT-0101,2026-02-22 18:37,2026-03-05 19:37,Arjun Bhatt,Platform Team,Lakshmi Balaji,lakshmi.balaji@techcorp.com,Startup,Middle East,Billing Suite,Performance Degradation,Dashboard load time increased from 1.2s to 14s after recent backend deployment.,Urgent,In Progress,Phone,Breached,True,False,23.6,3,Negative,85,Medium,0.7,1664,,Escalate to Tier 2 engineering with full error trace
TKT-0102,2026-01-02 14:46,2026-01-04 14:46,Arjun Bhatt,Platform Team,Tarun Thakur,tarun.thakur@gridworks.com,Education,APAC,Payment Gateway,Subscription Problem,Cancel-and-resubscribe flow charged new customer rate; loyalty pricing not retained. Issue persists after clearing cache and cookies.,Medium,In Progress,Email,Met,False,False,102.4,1,Neutral,30,High,0.94,6059,,Send personalised troubleshooting guide via email
TKT-0103,2025-12-12 06:15,2025-12-13 13:15,Arjun Bhatt,Platform Team,Rajesh Malik,rajesh.malik@metricflow.com,Startup,North America,Billing Suite,Refund Request,Account closed but monthly charge still applied; requesting refund for post-closure billing. Third occurrence this month for this account.,Low,Closed,Chat,Breached,True,False,53.7,4,Positive,15,Low,0.67,534,Approved prorated refund per contract SLA; processed to original payment method within 5 business days.,Schedule 30-minute screen-share session with technical specialist
TKT-0104,2026-04-12 07:25,2026-04-14 14:25,Meera Krishnan,Platform Team,Bharat Rivera,bharat.rivera@altaspay.com,Healthcare,North America,Enterprise Hub,Security Concern,Customer PII visible in unencrypted application logs; GDPR notification required.,Low,Pending Customer,Email,Met,False,False,148.0,2,Negative,11,High,0.82,18481,,Initiate refund process and send confirmation within 1 hour
TKT-0105,2026-01-29 17:40,2026-02-12 17:40,Priya Singh,Platform Team,Meera Ghosh,meera.ghosh@stratosys.net,Healthcare,Latin America,Data Sync Engine,Integration Error,Stripe webhook events not reconciling with internal ledger; payment state mismatch. Issue persists after clearing cache and cookies.,High,Resolved,Slack,Met,False,False,6.5,4,Neutral,77,Low,0.72,33586,Updated field mapping to match new QB schema; invoice sync validated end-to-end.,Apply service credit and notify account manager
TKT-0106,2025-12-22 09:32,2025-12-25 15:32,Kavita Rao,Billing Team,Bhavya Schneider,bhavya.schneider@launchpad.net,Enterprise,Europe,Billing Suite,Billing Dispute,Invoice shows charges for 50 seats but contract specifies 35; excess charges since Q3.,Low,Resolved,Email,Met,False,False,67.3,4,Positive,13,Low,0.95,120291,Corrected professional services billing rate; credit memo issued for rate difference.,Trigger automated diagnostic script and share report with customer
TKT-0107,2026-01-12 20:29,2026-01-19 02:29,Kavita Rao,Billing Team,Bhavya Chatterjee,bhavya.chatterjee@enterpriseplus.com,Startup,North America,API Gateway,Security Concern,API keys found exposed in public GitHub repository; immediate rotation required.,Urgent,In Progress,Phone,Breached,True,True,24.4,2,Negative,99,Low,0.88,1309,,Route to billing specialist for invoice reconciliation
TKT-0108,2026-01-14 06:25,2026-01-28 13:25,Sahil Ansari,Security Team,Ayesha Schneider,ayesha.schneider@hubstream.io,Healthcare,Europe,Analytics Dashboard,API Error,GraphQL mutation returning null for required fields; schema validation not catching it.,Low,Open,Slack,Met,False,False,156.3,2,Negative,7,High,0.73,9124,,Flag for CSM review: churn risk detected
TKT-0109,2026-03-24 10:05,2026-04-07 15:05,Anita Verma,Billing Team,Geeta Carvalho,geeta.carvalho@cloudnine.tech,Government,Middle East,Data Sync Engine,Feature Request,Need for role-based report sharing with view-only permission; currently all-or-nothing access.,Low,Closed,Web Form,Met,False,False,32.5,4,Positive,19,High,0.66,32763,Added to Q3 product roadmap; customer acknowledged and enrolled in beta preview programme.,Deploy hotfix to staging for customer validation
TKT-0110,2026-04-20 21:03,2026-04-23 01:03,Tanvi Joshi,Refund Team,Bhavya Lopez,bhavya.lopez@axiomtech.co,Startup,India,Web Portal,Mobile App Crash,Background sync process causing ANR on low-memory Android devices under load. Issue persists after clearing cache and cookies.,Low,Closed,Phone,Met,False,False,58.9,5,Positive,20,Low,0.83,1287,Fixed Android OOM issue by optimising dashboard render thread memory allocation.,Request additional diagnostics from customer via secure form
TKT-0111,2026-05-02 13:01,2026-05-15 17:01,Suresh Nair,Billing Team,Maya Joshi,maya.joshi@pacesetter.com,Startup,India,Billing Suite,Data Sync Failure,Bi-directional sync creating infinite update loop between source and destination.,Medium,Escalated,Chat,Met,False,True,48.6,3,Neutral,32,High,0.91,2818,,Assign to on-call security team for immediate assessment
TKT-0112,2026-05-01 16:51,2026-05-13 21:51,Pooja Nair,Security Team,Chandan Harris,chandan.harris@quantumleap.io,Enterprise,Southeast Asia,Web Portal,Performance Degradation,API response times degraded 3x in APAC region; EU and NA performing normally. Issue persists after clearing cache and cookies.,High,Closed,Phone,Met,False,True,23.7,5,Positive,60,Low,0.72,17690,Memory leak patched in worker process; redeployed with memory profiling enabled.,Add to known-issues tracker and notify via status page
TKT-0113,2026-05-07 12:51,2026-05-10 17:51,Kunal Chandra,Customer Success Team,Varun Bhatia,varun.bhatia@nimbusops.io,Startup,India,Enterprise Hub,Integration Error,Slack notification integration stopped working after workspace admin changed OAuth app. Issue persists after clearing cache and cookies.,High,In Progress,Partner Portal,Breached,True,False,183.5,4,Positive,57,Medium,0.76,582,,Escalate to product management with customer impact data
TKT-0114,2026-05-13 21:41,2026-05-19 23:41,Zara Ahmed,Customer Success Team,Pooja Schneider,pooja.schneider@pacesetter.com,Mid-Market,North America,Billing Suite,Performance Degradation,Search indexing falling behind by 6+ hours; search results showing stale data. Issue persists after clearing cache and cookies.,Urgent,Escalated,In-App,Breached,True,True,163.0,3,Neutral,89,High,0.95,21716,,Create internal incident ticket and link to customer case
TKT-0115,2026-02-20 13:40,2026-03-02 14:40,Tanvi Joshi,Refund Team,Anjali Johnson,anjali.johnson@axiomtech.co,Startup,Europe,Web Portal,Security Concern,Penetration test found stored XSS vulnerability in customer-facing dashboard.,High,In Progress,Email,Met,False,False,18.2,4,Positive,69,Low,0.87,918,,Send proactive status update; no action required from customer
TKT-0116,2026-03-09 20:46,2026-03-16 22:46,Bhavya Shah,Refund Team,Vikram Lewis,vikram.lewis@opticloud.net,Startup,ANZ,Billing Suite,Mobile App Crash,Local database migration failing on app update; corrupt schema on SQLite upgrade.,Medium,In Progress,Slack,Met,False,False,151.8,2,Negative,25,Medium,0.68,676,,Offer extended trial to compensate for disruption
TKT-0117,2025-12-20 08:21,2025-12-30 15:21,Anjali Desai,Customer Success Team,Payal Fernandez,payal.fernandez@orbitaltech.com,Mid-Market,Southeast Asia,Billing Suite,Mobile App Crash,GPS location request causing crash on Android 13 devices with restricted location. Issue persists after clearing cache and cookies.,Urgent,In Progress,Email,Met,False,True,41.5,2,Negative,97,Medium,0.68,15578,,Coordinate with third-party vendor for joint troubleshooting
TKT-0118,2026-03-03 06:27,2026-03-05 10:27,Zara Ahmed,Customer Success Team,Priya Dubey,priya.dubey@orbitaltech.com,Startup,Latin America,Billing Suite,Feature Request,Ask for scheduled report delivery via email at custom cadences (daily/weekly/monthly).,Low,Open,Web Form,Met,False,False,168.8,2,Negative,7,High,0.77,2679,,Schedule executive sponsor call for enterprise account
TKT-0119,2025-12-12 14:28,2025-12-20 18:28,Sneha Patel,Technical Team,Pallavi Thakur,pallavi.thakur@catalystcrm.net,Government,Southeast Asia,Security Vault,Billing Dispute,Reseller margin not correctly deducted; end customer invoiced at list price. Affects production environment only.,Low,Resolved,Chat,Met,False,False,42.7,5,Positive,17,High,0.78,35918,Investigated duplicate invoice; voided second invoice and confirmed single charge only.,Apply automated resolution via knowledge-base workflow
TKT-0120,2026-04-01 15:05,2026-04-08 15:05,Sahil Ansari,Security Team,Jasmine White,jasmine.white@dataforge.net,Enterprise,India,Security Vault,Data Sync Failure,Delta sync window misconfigured; processing same 48-hour window repeatedly. Third occurrence this month for this account.,High,Resolved,Phone,Met,False,False,5.0,5,Positive,59,Low,0.87,149631,Corrected sync window configuration; incremental mode now resumes from last checkpoint.,Reassign to specialist team with relevant domain expertise
TKT-0121,2026-02-20 08:05,2026-02-27 16:05,Manish Tiwari,Refund Team,Amit Chatterjee,amit.chatterjee@brightwave.io,SMB,Europe,API Gateway,Security Concern,Suspicious login attempt from unrecognised IP in Eastern Europe; account not compromised yet. Issue persists after clearing cache and cookies.,Urgent,Pending Customer,Partner Portal,Met,False,False,117.7,4,Neutral,84,Medium,0.96,4662,,Escalate to Tier 2 engineering with full error trace
TKT-0122,2026-04-17 17:56,2026-04-24 21:56,Bhavya Shah,Refund Team,Arjun Mirza,arjun.mirza@querytech.io,Startup,Middle East,API Gateway,Billing Dispute,Two separate invoices issued for same billing period; duplicate charge dispute raised.,High,Open,Phone,Breached,True,True,121.9,4,Neutral,77,Medium,0.94,256,,Send personalised troubleshooting guide via email
TKT-0123,2026-04-05 09:55,2026-04-09 11:55,Arjun Bhatt,Platform Team,Payal Gupta,payal.gupta@brightwave.io,Startup,ANZ,Billing Suite,Integration Error,Slack notification integration stopped working after workspace admin changed OAuth app. Third occurrence this month for this account.,High,In Progress,Partner Portal,Met,False,True,42.7,4,Positive,66,Medium,0.7,2186,,Schedule 30-minute screen-share session with technical specialist
TKT-0124,2026-04-14 06:11,2026-04-18 09:11,Deepak Malhotra,Billing Team,Komal Sinha,komal.sinha@jsonify.com,Healthcare,Latin America,Customer Console,Payment Failure,Duplicate charge detected for single transaction; customer requesting reversal of second charge.,Medium,Closed,Chat,Met,False,False,26.2,4,Neutral,36,Medium,0.71,31102,Identified duplicate charge from webhook replay; initiated refund and added idempotency key fix.,Initiate refund process and send confirmation within 1 hour
TKT-0125,2026-02-05 08:18,2026-02-06 14:18,Deepak Malhotra,Billing Team,Priya Desai,priya.desai@deltacloud.net,SMB,Middle East,API Gateway,Onboarding Issue,Bulk user import template has undocumented required fields causing repeated failures. Issue persists after clearing cache and cookies.,High,Closed,Web Form,Met,False,False,7.2,4,Neutral,70,Medium,0.84,1506,Assigned dedicated onboarding manager; kickoff call scheduled within 24 hours.,Apply service credit and notify account manager
TKT-0126,2026-03-07 17:29,2026-03-12 20:29,Kiran Verma,Refund Team,Chandan Bhatt,chandan.bhatt@alphapay.com,Startup,Latin America,API Gateway,Account Suspension,Account suspended for TOS violation; customer disputes allegation and requests evidence.,Medium,Escalated,Phone,Met,False,True,193.3,4,Positive,34,Medium,0.8,2967,,Trigger automated diagnostic script and share report with customer
TKT-0127,2026-05-17 15:12,2026-05-19 23:12,Rahul Kumar,Technical Team,Rajesh Agarwal,rajesh.agarwal@flarepath.net,Government,APAC,Customer Console,Integration Error,NetSuite two-way sync failing on custom fields not mapped in integration schema.,Urgent,Resolved,Slack,Breached,True,True,2.1,1,Negative,89,Medium,0.89,36863,Updated OAuth scope for HubSpot connector; write operations confirmed working.,Route to billing specialist for invoice reconciliation
TKT-0128,2026-01-26 21:58,2026-02-07 02:58,Riya Banerjee,Security Team,Bhavesh Oliveira,bhavesh.oliveira@dataforge.net,Enterprise,Middle East,Enterprise Hub,Onboarding Issue,Dedicated onboarding manager not assigned 5 days post-signup per enterprise SLA.,Low,Resolved,Partner Portal,Met,False,False,55.4,5,Positive,15,Medium,0.72,115468,Resent welcome email via fallback SMTP; customer confirmed receipt and completed setup.,Flag for CSM review: churn risk detected
TKT-0129,2026-02-23 17:16,2026-03-05 21:16,Sanjay Mehta,Refund Team,Vinod Martin,vinod.martin@kineticsoft.io,Enterprise,Southeast Asia,Billing Suite,Feature Request,Asking for SCIM 2.0 provisioning support for automated user lifecycle management. Issue persists after clearing cache and cookies.,Low,Escalated,Phone,Met,False,True,39.3,1,Negative,6,High,0.7,61260,,Deploy hotfix to staging for customer validation
TKT-0130,2026-01-16 08:31,2026-01-22 10:31,Priya Singh,Platform Team,Arjun White,arjun.white@metricflow.com,SMB,APAC,Customer Console,Payment Failure,Bank decline code 51 returned for sufficient balance cards; suspected fraud filter misconfiguration. Third occurrence this month for this account.,Medium,In Progress,Email,Met,False,False,157.1,4,Neutral,38,Low,0.8,669,,Request additional diagnostics from customer via secure form
TKT-0131,2026-02-21 22:12,2026-02-22 22:12,Kunal Chandra,Customer Success Team,Rohan Lewis,rohan.lewis@meridiansoft.com,Education,Latin America,Data Sync Engine,API Error,Response payload missing required fields intermittently; impacts downstream ETL pipeline. Issue persists after clearing cache and cookies.,High,In Progress,Phone,Breached,True,False,117.9,2,Negative,64,High,0.76,7968,,Assign to on-call security team for immediate assessment
TKT-0132,2026-01-18 11:58,2026-01-31 17:58,Deepak Malhotra,Billing Team,Kabir Thakur,kabir.thakur@pinnaclecrm.io,Education,North America,Web Portal,API Error,API returning inconsistent timestamp formats (ISO 8601 vs Unix epoch) across endpoints. Issue persists after clearing cache and cookies.,High,Open,Slack,Met,False,True,73.6,4,Neutral,79,Low,0.97,1756,,Add to known-issues tracker and notify via status page
TKT-0133,2025-12-30 19:28,2026-01-06 20:28,Riya Banerjee,Security Team,Gaurav Weber,gaurav.weber@altaspay.com,Startup,Europe,Data Sync Engine,Feature Request,Ask for scheduled report delivery via email at custom cadences (daily/weekly/monthly). Issue persists after clearing cache and cookies.,High,In Progress,Chat,Met,False,False,20.6,3,Neutral,68,Medium,0.85,519,,Escalate to product management with customer impact data
TKT-0134,2026-05-05 12:49,2026-05-10 20:49,Sneha Patel,Technical Team,Rachel Das,rachel.das@pacesetter.com,SMB,Europe,Mobile App,Performance Degradation,Search indexing falling behind by 6+ hours; search results showing stale data. Third occurrence this month for this account.,Medium,In Progress,Phone,At Risk,False,False,96.4,2,Negative,51,High,0.7,4007,,Create internal incident ticket and link to customer case
TKT-0135,2026-05-14 13:29,2026-05-19 17:29,Sanjay Mehta,Refund Team,Nadia Subramaniam,nadia.subramaniam@stratosys.net,Startup,Middle East,Mobile App,Login Issue,Concurrent session limit not enforced; security audit flagged unrestricted simultaneous logins.,High,Closed,Phone,Met,False,False,10.8,2,Neutral,55,High,0.7,2704,Fixed MFA delivery routing issue; push notifications tested and confirmed working.,Send proactive status update; no action required from customer
TKT-0136,2026-02-26 11:07,2026-03-05 17:07,Kiran Verma,Refund Team,Elias Anderson,elias.anderson@fusionware.com,Mid-Market,ANZ,Customer Console,Onboarding Issue,Initial data migration script timed out; partial data loaded without error notification. Issue persists after clearing cache and cookies.,Medium,Closed,In-App,Met,False,False,9.0,4,Neutral,38,Low,0.83,6987,Updated SSO configuration guide with current Okta attribute mappings.,Offer extended trial to compensate for disruption
TKT-0137,2025-12-08 10:30,2025-12-16 11:30,Bhavya Shah,Refund Team,Geeta Rivera,geeta.rivera@fusionware.com,Government,APAC,Data Sync Engine,Payment Failure,Transaction timed out during invoice payment; amount debited but payment not confirmed in system. Issue persists after clearing cache and cookies.,Low,Resolved,Phone,Breached,True,False,41.6,5,Positive,15,Medium,0.87,9285,Escalated to payments engineering; gateway timeout resolved by increasing transaction TTL to 45s.,Coordinate with third-party vendor for joint troubleshooting
TKT-0138,2026-05-19 18:09,2026-05-20 18:09,Kunal Chandra,Customer Success Team,Ayesha Reddy,ayesha.reddy@elevatetech.io,Mid-Market,Southeast Asia,Mobile App,Data Sync Failure,ETL pipeline failing on NULL values in optional fields; strict schema validation blocking.,High,Closed,Partner Portal,Met,False,False,6.5,5,Neutral,72,Low,0.73,12772,Corrected sync window configuration; incremental mode now resumes from last checkpoint.,Schedule executive sponsor call for enterprise account
TKT-0139,2026-04-07 20:20,2026-04-10 03:20,Anjali Desai,Customer Success Team,Bhavesh Banerjee,bhavesh.banerjee@nexuscloud.net,SMB,Southeast Asia,Customer Console,Login Issue,SAML assertion validation error preventing federated login from Okta identity provider.,Medium,Open,In-App,At Risk,False,False,192.7,3,Positive,45,High,0.77,4174,,Apply automated resolution via knowledge-base workflow
TKT-0140,2026-05-08 21:45,2026-05-20 02:45,Vishal Pandey,Customer Success Team,Aarav Krishnan,aarav.krishnan@vortexdata.net,Healthcare,ANZ,Mobile App,Login Issue,Account locked after 2 incorrect attempts instead of configured 5-attempt threshold.,Low,Resolved,Phone,Breached,True,False,48.6,5,Positive,6,High,0.81,44427,Corrected account lockout threshold in security policy; unlocked affected accounts manually.,Reassign to specialist team with relevant domain expertise
TKT-0141,2026-05-06 12:12,2026-05-08 18:12,Vikram Iyer,Technical Team,Yasmin Thakur,yasmin.thakur@cloudnine.tech,Mid-Market,North America,Payment Gateway,Onboarding Issue,New enterprise account not fully provisioned; admin roles not assigned after signup.,High,Resolved,Web Form,Breached,True,False,22.3,5,Positive,69,High,0.69,3095,Fixed logo upload size validation; limit increased to 2MB per brand guidelines.,Escalate to Tier 2 engineering with full error trace
TKT-0142,2026-04-29 21:59,2026-05-08 23:59,Zara Ahmed,Customer Success Team,Lena Ali,lena.ali@metricflow.com,Enterprise,Middle East,Payment Gateway,Refund Request,Enterprise contract terminated early; partial refund calculation disputed by finance team.,High,Open,Partner Portal,Met,False,False,101.1,3,Positive,63,High,0.79,33654,,Send personalised troubleshooting guide via email
TKT-0143,2026-02-19 12:12,2026-02-23 16:12,Neha Saxena,Customer Success Team,Hina Malik,hina.malik@metricflow.com,Education,Middle East,Enterprise Hub,Account Suspension,Suspension during acquisition integration; merged entity requires account transfer not closure. Third occurrence this month for this account.,Low,Resolved,Partner Portal,Met,False,False,48.8,5,Positive,23,High,0.88,6235,API abuse flag reviewed; confirmed legitimate load test and account restored.,Schedule 30-minute screen-share session with technical specialist
TKT-0144,2025-12-04 22:06,2025-12-06 04:06,Rahul Kumar,Technical Team,Arjun Chopra,arjun.chopra@brightwave.io,Government,APAC,Payment Gateway,Account Suspension,False-positive fraud detection suspended active paying account; urgent reinstatement needed.,Low,In Progress,Web Form,At Risk,False,False,29.7,1,Negative,6,Medium,0.79,44061,,Initiate refund process and send confirmation within 1 hour
TKT-0145,2026-01-30 22:50,2026-02-13 02:50,Anjali Desai,Customer Success Team,Fatima Pillai,fatima.pillai@launchpad.net,Government,APAC,API Gateway,Mobile App Crash,Widget extension crashes on iPad split-screen mode; unsupported layout constraint.,Medium,Closed,Web Form,Met,False,False,4.6,3,Neutral,54,Medium,0.82,13841,Released hotfix v4.2.2 addressing iOS 17.4 crash; App Store update live within 4 hours.,Apply service credit and notify account manager
TKT-0146,2026-01-15 08:11,2026-01-18 16:11,Suresh Nair,Billing Team,Ananya Sundaram,ananya.sundaram@opticloud.net,Healthcare,Southeast Asia,Security Vault,Payment Failure,Recurring billing job skipped 3 accounts during nightly batch run; manual re-trigger needed. Issue persists after clearing cache and cookies.,Medium,Escalated,In-App,Met,False,True,66.4,4,Neutral,44,Medium,0.85,41403,,Trigger automated diagnostic script and share report with customer
TKT-0147,2026-03-02 08:50,2026-03-14 13:50,Gaurav Kapoor,Security Team,Mohan Menon,mohan.menon@elevatetech.io,Mid-Market,North America,Mobile App,Refund Request,Automated renewal charged during grace period; customer disputes timing of renewal.,Medium,Resolved,Slack,Met,False,False,19.4,5,Positive,34,High,0.85,24925,Finance team approved full refund for duplicate transaction; confirmation sent to customer.,Route to billing specialist for invoice reconciliation
TKT-0148,2026-02-27 20:15,2026-03-10 23:15,Priya Sharma,Billing Team,Jasmine Patel,jasmine.patel@dataforge.net,Education,Europe,Mobile App,Mobile App Crash,Crash on keyboard dismiss gesture conflict with swipe-back navigation in modal. Issue persists after clearing cache and cookies.,Urgent,Closed,Chat,Breached,True,False,3.8,4,Positive,91,Low,0.66,2347,Resolved biometric module initialisation race condition; fix validated on 12 device models.,Flag for CSM review: churn risk detected
TKT-0149,2026-04-17 06:40,2026-04-19 09:40,Kunal Chandra,Customer Success Team,Soumya Patel,soumya.patel@deltacloud.net,SMB,North America,Billing Suite,Onboarding Issue,API credentials not generated automatically; customer blocked from starting integration.,High,Resolved,Partner Portal,Breached,True,False,21.2,5,Positive,78,Low,0.88,893,Assigned dedicated onboarding manager; kickoff call scheduled within 24 hours.,Deploy hotfix to staging for customer validation
TKT-0150,2026-02-03 08:36,2026-02-17 11:36,Arjun Bhatt,Platform Team,Nadia Bhatt,nadia.bhatt@meridiansoft.com,Startup,Middle East,Security Vault,Mobile App Crash,Custom font rendering crash on system accessibility large-text setting enabled. Affects production environment only.,Medium,Pending Customer,Email,Met,False,False,1.7,4,Neutral,47,Low,0.81,2403,,Request additional diagnostics from customer via secure form
TKT-0151,2026-02-11 20:24,2026-02-18 20:24,Tanvi Joshi,Refund Team,Sneha Fischer,sneha.fischer@dynamicedge.com,Government,Europe,API Gateway,Data Sync Failure,"CRM sync stopped 36 hours ago; 2,400 contact records missing from last batch import. Issue persists after clearing cache and cookies.",Medium,Resolved,Chat,At Risk,False,False,31.9,3,Positive,42,Low,0.66,31849,Identified stale OAuth token; re-authorised connector and triggered manual full sync.,Assign to on-call security team for immediate assessment
TKT-0152,2026-02-27 12:26,2026-03-10 20:26,Aditya Singh,Technical Team,Waqar Pillai,waqar.pillai@quantumleap.io,Startup,Southeast Asia,Customer Console,Refund Request,Accidental duplicate purchase; customer requests full refund for second transaction. Issue persists after clearing cache and cookies.,Medium,Resolved,Phone,Met,False,False,41.5,5,Positive,45,Low,0.86,474,Verified service downtime against monitoring logs; credit note issued for affected billing period.,Add to known-issues tracker and notify via status page
TKT-0153,2026-01-02 13:06,2026-01-07 14:06,Sneha Patel,Technical Team,Kunal Saxena,kunal.saxena@dynamicedge.com,Startup,India,Customer Console,Feature Request,Requesting Salesforce native connector; current Zapier workaround has reliability issues. Third occurrence this month for this account.,Medium,Escalated,Web Form,Met,False,True,73.2,2,Negative,32,High,0.86,2552,,Escalate to product management with customer impact data
TKT-0154,2026-03-29 20:22,2026-04-12 00:22,Manish Tiwari,Refund Team,Akash Saxena,akash.saxena@spectrasys.io,Healthcare,ANZ,Security Vault,Login Issue,SAML assertion validation error preventing federated login from Okta identity provider. Issue persists after clearing cache and cookies.,Low,Escalated,Chat,At Risk,False,True,108.0,2,Neutral,5,High,0.85,37003,,Create internal incident ticket and link to customer case
TKT-0155,2025-12-10 14:34,2025-12-19 21:34,Kunal Chandra,Customer Success Team,Tariq Ansari,tariq.ansari@quantumleap.io,Enterprise,India,Security Vault,Security Concern,SOC 2 audit gap identified: audit logs not retained beyond 30 days for PCI-scope systems. Issue persists after clearing cache and cookies.,Medium,Closed,In-App,At Risk,False,False,26.0,2,Negative,32,High,0.89,75239,Deactivated former employee accounts; updated offboarding checklist to prevent recurrence.,Send proactive status update; no action required from customer
TKT-0156,2026-05-18 10:47,2026-05-22 15:47,Deepak Malhotra,Billing Team,Rachel Agarwal,rachel.agarwal@meridiansoft.com,Education,Middle East,Security Vault,Integration Error,Microsoft Teams integration missing threaded reply context in ticket notifications.,Medium,Open,In-App,Met,False,False,181.6,3,Neutral,26,Low,0.96,6807,,Offer extended trial to compensate for disruption
TKT-0157,2026-04-25 11:24,2026-05-06 17:24,Divya Reddy,Platform Team,Tanvi Verma,tanvi.verma@hubstream.io,Enterprise,APAC,Mobile App,Account Suspension,Non-payment suspension applied to account on 30-day net terms before due date.,Urgent,Open,In-App,Breached,True,False,45.0,3,Positive,91,High,0.65,74386,,Coordinate with third-party vendor for joint troubleshooting
TKT-0158,2026-05-14 14:13,2026-05-17 16:13,Sneha Patel,Technical Team,Nisha Pandey,nisha.pandey@gridworks.com,Government,India,Payment Gateway,Billing Dispute,Annual contract billed monthly in error; customer incurring higher per-unit cost.,High,Open,Email,Breached,True,False,144.2,3,Neutral,73,Low,0.66,31655,,Schedule executive sponsor call for enterprise account
TKT-0159,2026-04-26 10:03,2026-04-29 14:03,Rohan Das,Technical Team,Siddharth Roy,siddharth.roy@helixdata.co,Government,India,Security Vault,Mobile App Crash,App crashes when offline mode toggled while sync is in progress; race condition.,High,Escalated,Slack,Breached,True,True,132.5,2,Negative,74,Medium,0.92,11422,,Apply automated resolution via knowledge-base workflow
TKT-0160,2026-04-10 14:10,2026-04-22 19:10,Manish Tiwari,Refund Team,Nisha Singh,nisha.singh@omegasuite.com,Healthcare,Europe,Mobile App,Billing Dispute,Early termination fee charged despite contract having mutual termination clause. Issue persists after clearing cache and cookies.,Low,In Progress,Web Form,Met,False,False,181.9,4,Positive,20,High,0.84,34228,,Reassign to specialist team with relevant domain expertise
TKT-0161,2026-05-18 10:57,2026-05-23 18:57,Suresh Nair,Billing Team,Varun Krishnan,varun.krishnan@nexgen.tech,Healthcare,ANZ,API Gateway,Data Sync Failure,OAuth token for Google Sheets integration expired; sync silently failing for 5 days.,Medium,Closed,Chat,Met,False,False,25.2,5,Positive,38,Low,0.9,9609,Fixed timezone normalisation in date field mapping; delta sync re-validated.,Escalate to Tier 2 engineering with full error trace
TKT-0162,2025-12-02 06:36,2025-12-11 07:36,Pooja Nair,Security Team,Chandan Banerjee,chandan.banerjee@deltacloud.net,Healthcare,Southeast Asia,Billing Suite,Mobile App Crash,GPS location request causing crash on Android 13 devices with restricted location. Third occurrence this month for this account.,High,Resolved,Phone,Met,False,True,16.0,3,Positive,73,Low,0.87,16203,Fixed React Native bridge exception; confirmed stable on older device test suite.,Send personalised troubleshooting guide via email
TKT-0163,2026-04-23 21:16,2026-04-29 02:16,Vishal Pandey,Customer Success Team,Zubair Lopez,zubair.lopez@catalystcrm.net,SMB,India,Data Sync Engine,Performance Degradation,Report generation taking 45+ minutes for datasets over 100K rows; was previously 8 min.,Low,Closed,In-App,Met,False,False,68.8,2,Negative,6,Medium,0.96,4119,Identified query plan regression; ran ANALYZE and forced index usage; latency normalised.,Schedule 30-minute screen-share session with technical specialist
TKT-0164,2026-03-22 08:04,2026-03-27 11:04,Priya Singh,Platform Team,Devika Santos,devika.santos@spectrasys.io,Healthcare,APAC,Web Portal,Billing Dispute,Reseller margin not correctly deducted; end customer invoiced at list price. Reported by enterprise admin user.,Low,In Progress,Partner Portal,Met,False,False,142.5,3,Positive,19,Low,0.92,33498,,Initiate refund process and send confirmation within 1 hour
TKT-0165,2026-05-03 22:33,2026-05-16 01:33,Gaurav Kapoor,Security Team,Akash Chopra,akash.chopra@fusionware.com,SMB,Middle East,Payment Gateway,Account Suspension,API abuse flag triggered but activity was legitimate load test pre-approved by team.,Low,In Progress,In-App,Breached,True,False,199.4,4,Positive,11,Medium,0.89,4636,,Apply service credit and notify account manager
TKT-0166,2026-02-28 17:52,2026-03-05 20:52,Gaurav Kapoor,Security Team,Manish Schneider,manish.schneider@fusionware.com,Education,ANZ,Security Vault,Feature Request,Request to add bulk CSV import for contact records; current manual entry is time-consuming. Issue persists after clearing cache and cookies.,Urgent,Escalated,Web Form,Breached,True,True,21.7,1,Negative,83,High,0.83,4099,,Trigger automated diagnostic script and share report with customer
TKT-0167,2026-02-01 16:49,2026-02-09 23:49,Pooja Nair,Security Team,Ananya Mishra,ananya.mishra@pacesetter.com,Education,Latin America,Mobile App,Feature Request,Asking for dark mode support in web portal; eye strain reported by multiple users.,Low,Open,In-App,At Risk,False,False,46.4,2,Neutral,13,Medium,0.68,6241,,Route to billing specialist for invoice reconciliation
TKT-0168,2026-01-15 21:20,2026-01-22 00:20,Riya Banerjee,Security Team,Yamini Venkatesh,yamini.venkatesh@orbitaltech.com,SMB,Southeast Asia,Security Vault,Refund Request,Service downtime of 8+ hours during billing period; requesting credit as per SLA terms.,Urgent,Resolved,Email,Met,False,True,9.0,5,Positive,86,Low,0.9,4640,Applied account credit pending cash refund approval; customer satisfied with interim resolution.,Flag for CSM review: churn risk detected
TKT-0169,2026-04-18 07:54,2026-04-26 12:54,Riya Banerjee,Security Team,Yamini Bauer,yamini.bauer@jsonify.com,Government,Latin America,Enterprise Hub,Feature Request,Need for role-based report sharing with view-only permission; currently all-or-nothing access. Issue persists after clearing cache and cookies.,Urgent,Closed,Partner Portal,Met,False,True,9.3,4,Positive,98,Medium,0.8,6465,Added to Q3 product roadmap; customer acknowledged and enrolled in beta preview programme.,Deploy hotfix to staging for customer validation
TKT-0170,2026-01-14 20:07,2026-01-27 04:07,Kiran Verma,Refund Team,Harini Murthy,harini.murthy@nimbusops.io,Enterprise,Latin America,Customer Console,Performance Degradation,File upload service degraded; large file uploads failing after 30-second timeout. Issue persists after clearing cache and cookies.,Low,Resolved,Partner Portal,Met,False,False,63.2,3,Neutral,15,Low,0.81,71577,Rolled back backend deployment; root cause isolated to misconfigured connection pool.,Request additional diagnostics from customer via secure form
TKT-0171,2026-03-13 14:28,2026-03-16 16:28,Gaurav Kapoor,Security Team,Meera Chaudhary,meera.chaudhary@nexuscloud.net,Education,Latin America,Data Sync Engine,Onboarding Issue,New enterprise account not fully provisioned; admin roles not assigned after signup. Issue persists after clearing cache and cookies.,Low,In Progress,Phone,Met,False,False,29.6,5,Neutral,20,Low,0.94,4619,,Assign to on-call security team for immediate assessment
TKT-0172,2026-02-03 07:25,2026-02-05 09:25,Deepak Malhotra,Billing Team,Hina Qureshi,hina.qureshi@techcorp.com,Government,India,API Gateway,Onboarding Issue,Welcome email not delivered; likely in spam quarantine for corporate domains. Issue persists after clearing cache and cookies.,Medium,Resolved,Phone,Breached,True,False,15.4,4,Positive,25,Low,0.93,13953,Updated SSO configuration guide with current Okta attribute mappings.,Add to known-issues tracker and notify via status page
TKT-0173,2026-02-22 22:31,2026-03-08 05:31,Suresh Nair,Billing Team,Indira Santos,indira.santos@omegasuite.com,Startup,ANZ,API Gateway,Billing Dispute,Annual contract billed monthly in error; customer incurring higher per-unit cost. Issue persists after clearing cache and cookies.,Medium,Escalated,Web Form,Met,False,True,67.8,3,Neutral,30,Low,0.75,2189,,Escalate to product management with customer impact data
TKT-0174,2026-03-03 22:28,2026-03-11 00:28,Rahul Kumar,Technical Team,Soumya Qureshi,soumya.qureshi@brightwave.io,SMB,India,Mobile App,Refund Request,Refund request for unused API credits after account downgrade; credit not applied. Issue persists after clearing cache and cookies.,High,Resolved,Slack,Met,False,True,4.8,2,Negative,72,High,0.82,967,Applied account credit pending cash refund approval; customer satisfied with interim resolution.,Create internal incident ticket and link to customer case
TKT-0175,2026-03-10 15:14,2026-03-14 19:14,Tanvi Joshi,Refund Team,Chitra Krishnan,chitra.krishnan@querytech.io,Government,Southeast Asia,Security Vault,Refund Request,Customer overpaid invoice by mistake; excess amount not refunded after 3 weeks.,Medium,In Progress,Web Form,Breached,True,False,183.1,4,Positive,42,Low,0.95,12966,,Send proactive status update; no action required from customer
TKT-0176,2026-04-14 15:58,2026-04-20 22:58,Gaurav Kapoor,Security Team,Samir Lewis,samir.lewis@pinnaclecrm.io,Healthcare,North America,Enterprise Hub,Integration Error,Microsoft Teams integration missing threaded reply context in ticket notifications. Issue persists after clearing cache and cookies.,Low,In Progress,Partner Portal,Met,False,True,104.9,4,Neutral,5,Medium,0.81,31238,,Offer extended trial to compensate for disruption
TKT-0177,2026-02-13 13:50,2026-02-14 21:50,Nikhil Gupta,Platform Team,Jyoti Mukherjee,jyoti.mukherjee@jsonify.com,Government,Middle East,API Gateway,Mobile App Crash,GPS location request causing crash on Android 13 devices with restricted location. Affects production environment only.,Urgent,Pending Customer,Slack,Breached,True,False,129.4,4,Positive,82,Medium,0.91,41340,,Coordinate with third-party vendor for joint troubleshooting
TKT-0178,2026-04-16 14:26,2026-04-20 15:26,Aditya Singh,Technical Team,Sahil White,sahil.white@dynamicedge.com,Education,Europe,Billing Suite,Subscription Problem,Enterprise agreement terms not mapped correctly; wrong feature set provisioned. Issue persists after clearing cache and cookies.,Low,Pending Customer,Email,Met,False,False,64.5,2,Neutral,14,Medium,0.88,1057,,Schedule executive sponsor call for enterprise account
TKT-0179,2026-04-06 12:21,2026-04-13 16:21,Kiran Verma,Refund Team,Sanjay Sheikh,sanjay.sheikh@blueprism.io,Mid-Market,Europe,Analytics Dashboard,Feature Request,Need for custom SLA configuration per product tier; current one-size SLA inadequate.,High,Open,Web Form,Breached,True,False,29.6,2,Negative,70,High,0.73,21221,,Apply automated resolution via knowledge-base workflow
TKT-0180,2026-03-24 13:47,2026-03-25 16:47,Sanjay Mehta,Refund Team,Mohan Desai,mohan.desai@omegasuite.com,Startup,APAC,Mobile App,Data Sync Failure,Delta sync window misconfigured; processing same 48-hour window repeatedly. Affects production environment only.,High,In Progress,Chat,At Risk,False,False,32.1,4,Positive,71,Low,0.75,2685,,Reassign to specialist team with relevant domain expertise
TKT-0181,2026-05-12 19:20,2026-05-13 21:20,Divya Reddy,Platform Team,Vikram White,vikram.white@betaops.io,Healthcare,North America,Customer Console,Login Issue,SSO authentication failing for Azure AD-connected accounts after recent certificate rotation. Issue persists after clearing cache and cookies.,Medium,In Progress,Slack,Met,False,False,137.8,2,Negative,40,High,0.76,39382,,Escalate to Tier 2 engineering with full error trace
TKT-0182,2026-01-09 09:08,2026-01-17 12:08,Divya Reddy,Platform Team,Devika Saxena,devika.saxena@querytech.io,Mid-Market,India,Payment Gateway,Integration Error,HubSpot CRM connector returning 403 on write operations after permission scope change.,High,In Progress,Phone,Met,False,True,75.9,4,Positive,70,Medium,0.82,7175,,Send personalised troubleshooting guide via email
TKT-0183,2026-02-21 20:17,2026-03-08 04:17,Rahul Kumar,Technical Team,Payal Mukherjee,payal.mukherjee@catalystcrm.net,Education,ANZ,Analytics Dashboard,Data Sync Failure,ETL pipeline failing on NULL values in optional fields; strict schema validation blocking. Issue persists after clearing cache and cookies.,Low,In Progress,In-App,Met,False,True,127.8,3,Negative,16,Medium,0.73,1443,,Schedule 30-minute screen-share session with technical specialist
TKT-0184,2026-04-07 10:39,2026-04-12 15:39,Kiran Verma,Refund Team,Mohan Sharma,mohan.sharma@dataforge.net,Mid-Market,Middle East,Web Portal,Login Issue,SAML assertion validation error preventing federated login from Okta identity provider. Third occurrence this month for this account.,Low,Resolved,Phone,Breached,True,False,19.4,1,Negative,23,High,0.77,14568,Re-provisioned Azure AD connector; federated login validated with IT admin.,Initiate refund process and send confirmation within 1 hour
TKT-0185,2026-01-26 08:00,2026-01-30 15:00,Suresh Nair,Billing Team,Rajesh Dubey,rajesh.dubey@elevatetech.io,Enterprise,Europe,Mobile App,Integration Error,Stripe webhook events not reconciling with internal ledger; payment state mismatch. Third occurrence this month for this account.,High,In Progress,Slack,At Risk,False,False,159.0,1,Negative,56,High,0.67,144679,,Apply service credit and notify account manager
TKT-0186,2026-01-29 18:12,2026-02-03 02:12,Kunal Chandra,Customer Success Team,Tariq Schneider,tariq.schneider@pacesetter.com,Education,Southeast Asia,Customer Console,Billing Dispute,Tax exemption certificate on file but VAT still charged in current invoice.,High,In Progress,Phone,Met,False,True,127.9,3,Neutral,58,Medium,0.81,2107,,Trigger automated diagnostic script and share report with customer
TKT-0187,2026-04-20 16:54,2026-04-26 22:54,Vishal Pandey,Customer Success Team,Abhinav Chandra,abhinav.chandra@gridworks.com,Government,Middle East,Web Portal,Onboarding Issue,Training environment not provisioned alongside production; sandbox access missing.,High,Escalated,Phone,Met,False,True,185.3,2,Neutral,67,High,0.84,11078,,Route to billing specialist for invoice reconciliation
TKT-0188,2026-01-26 12:54,2026-02-01 12:54,Neha Saxena,Customer Success Team,Zara Ali,zara.ali@stratosys.net,Enterprise,Latin America,Data Sync Engine,Data Sync Failure,Change data capture missing DELETE events; soft-deleted records not synced.,Medium,Escalated,Chat,Met,False,True,31.6,2,Neutral,33,Low,0.78,114125,,Flag for CSM review: churn risk detected
TKT-0189,2026-04-04 09:38,2026-04-15 13:38,Kavita Rao,Billing Team,Hemant Hashmi,hemant.hashmi@cloudnine.tech,Education,Middle East,Payment Gateway,Mobile App Crash,App crashes when offline mode toggled while sync is in progress; race condition. Issue persists after clearing cache and cookies.,Low,Open,Email,Met,False,False,83.6,4,Positive,24,High,0.85,3677,,Deploy hotfix to staging for customer validation
TKT-0190,2026-02-20 10:20,2026-03-01 13:20,Rahul Kumar,Technical Team,Bharat Iyer,bharat.iyer@blueprism.io,Mid-Market,ANZ,Payment Gateway,Account Suspension,Suspension during scheduled maintenance window confused with permanent account action.,High,In Progress,Web Form,Met,False,False,44.8,2,Negative,65,High,0.67,8776,,Request additional diagnostics from customer via secure form
TKT-0191,2026-01-03 10:30,2026-01-12 13:30,Bhavya Shah,Refund Team,Hemant Lewis,hemant.lewis@querytech.io,Startup,North America,API Gateway,Account Suspension,Account auto-suspended due to payment failure but bank confirms successful charge.,High,Escalated,Chat,Met,False,True,53.6,3,Neutral,57,Low,0.76,1164,,Assign to on-call security team for immediate assessment
TKT-0192,2026-02-28 20:39,2026-03-04 03:39,Deepak Malhotra,Billing Team,Sara Reddy,sara.reddy@quantumleap.io,Startup,APAC,Analytics Dashboard,API Error,API returning inconsistent timestamp formats (ISO 8601 vs Unix epoch) across endpoints. Third occurrence this month for this account.,High,In Progress,In-App,Met,False,False,49.0,3,Negative,55,Low,0.8,785,,Add to known-issues tracker and notify via status page
TKT-0193,2026-04-13 14:35,2026-04-21 16:35,Anjali Desai,Customer Success Team,Devika Roy,devika.roy@helixdata.co,Education,Latin America,Mobile App,Mobile App Crash,Crash on keyboard dismiss gesture conflict with swipe-back navigation in modal. Third occurrence this month for this account.,High,Resolved,Email,Breached,True,True,7.5,5,Positive,69,Low,0.86,6964,Released hotfix v4.2.2 addressing iOS 17.4 crash; App Store update live within 4 hours.,Escalate to product management with customer impact data
TKT-0194,2026-02-13 18:14,2026-02-21 02:14,Anjali Desai,Customer Success Team,Wasim Pandey,wasim.pandey@altaspay.com,Education,Latin America,Customer Console,Security Concern,Customer PII visible in unencrypted application logs; GDPR notification required. Issue persists after clearing cache and cookies.,Medium,Escalated,Phone,Breached,True,True,193.4,3,Neutral,54,Low,0.81,2099,,Create internal incident ticket and link to customer case
TKT-0195,2026-05-10 15:15,2026-05-19 19:15,Priya Sharma,Billing Team,Akash Patel,akash.patel@quantumleap.io,Healthcare,APAC,Enterprise Hub,Mobile App Crash,Custom font rendering crash on system accessibility large-text setting enabled. Reported by enterprise admin user.,Urgent,Resolved,Chat,Breached,True,False,3.7,1,Neutral,84,High,0.87,39403,Patched deep link navigation handler; regression test added to CI pipeline.,Send proactive status update; no action required from customer
TKT-0196,2026-04-26 10:27,2026-05-01 15:27,Manish Tiwari,Refund Team,Chirag Wilson,chirag.wilson@brightwave.io,Enterprise,Europe,Billing Suite,Refund Request,Annual subscription cancelled mid-cycle; prorated refund not processed per agreed SLA. Issue persists after clearing cache and cookies.,Medium,Open,Phone,At Risk,False,False,62.1,4,Positive,54,Medium,0.83,57861,,Offer extended trial to compensate for disruption
TKT-0197,2026-01-07 06:48,2026-01-13 12:48,Kiran Verma,Refund Team,Amit Siddiqui,amit.siddiqui@nimbusops.io,Enterprise,North America,Customer Console,Feature Request,Asking for dark mode support in web portal; eye strain reported by multiple users. Issue persists after clearing cache and cookies.,High,Resolved,Email,Met,False,True,5.3,2,Negative,74,High,0.72,46173,SCIM 2.0 support added to Enterprise tier; provisioning validated with customer IT.,Coordinate with third-party vendor for joint troubleshooting
TKT-0198,2026-04-02 10:32,2026-04-16 17:32,Neha Saxena,Customer Success Team,Meera Murthy,meera.murthy@innobase.net,Mid-Market,Southeast Asia,Customer Console,Refund Request,Service downtime of 8+ hours during billing period; requesting credit as per SLA terms. Issue persists after clearing cache and cookies.,Urgent,Pending Customer,Partner Portal,Breached,True,True,6.9,4,Neutral,88,Medium,0.67,22076,,Schedule executive sponsor call for enterprise account
TKT-0199,2026-03-28 13:27,2026-04-04 13:27,Farhan Hussain,Security Team,Varun Bhatt,varun.bhatt@altaspay.com,Government,North America,Payment Gateway,Performance Degradation,Streaming data pipeline throughput dropped 60% after autoscaling misconfiguration.,Medium,Escalated,Web Form,Met,False,True,175.2,4,Positive,51,High,0.73,22802,,Apply automated resolution via knowledge-base workflow
TKT-0200,2026-04-12 07:12,2026-04-17 14:12,Kiran Verma,Refund Team,Abhinav Sharma,abhinav.sharma@meridiansoft.com,Education,ANZ,Enterprise Hub,Integration Error,Box.com file attachment integration not preserving folder hierarchy on sync.,High,Pending Customer,Phone,Met,False,True,103.6,1,Negative,57,Low,0.9,4824,,Reassign to specialist team with relevant domain expertise
